,0,1
0,Unable,11
1,VPN,6
2,New,6
3,SAP,5
4,login,4
5,log,4
6,Tool,3
7,ADP,3
8,payslips,3
9,Request,3
10,(,3
11,issue,2
12,page,2
13,Skype,2
14,reporter,2
15,add,2
16,Ticket,2
17,update,2
18,time,2
19,User,2
20,reset,2
21,password,2
22,Account,2
23,screen,2
24,locked,2
25,check,2
26,Management,2
27,POS,2
28,Konnect,2
29,Add,2
30,Onboarding,2
31,report,2
32,WM,2
33,Create,2
34,Order,2
35,OUTLOOK,1
36,Cant,1
37,access,1
38,adp,1
39,Euremote,1
40,error,1
41,Event,1
42,Critical,1
43,AXHQ30450.kmtl.com,1
44,The,1
45,value,1
46,GREQ0449280-,1
47,Employment,1
48,Status,1
49,Non-Emplo,1
50,disable,1
51,ins,1
52,outlook,1
53,INC0454773,1
54,says,1
55,connected,1
56,unable,1
57,site,1
58,loading,1
59,correctly,1
60,see,1
61,cards,1
62,wants,1
63,open,1
64,INC0454743,1
65,expired,1
66,AD,1
67,Kennametal,1
68,undocking,1
69,pc,1
70,come,1
71,back,1
72,P11,1
73,account,1
74,sign,1
75,24,1
76,connect,1
77,25,1
78,called,1
79,vox,1
80,phone,1
81,number,1
82,working,1
83,27,1
84,P21,1
85,28,1
86,29,1
87,26956,1
88,Change,1
89,Automate,1
90,CM,1
91,Audit,1
92,repo,1
93,26957,1
94,PPDS,1
95,Proof,1
96,Concept,1
97,26958,1
98,Alro,1
99,Industrial,1
100,Supply,1
101,–,1
102,Widia,1
103,Distributor,1
104,E,1
105,26959,1
106,file,1
107,CRM,1
108,26960,1
109,SOLR,1
110,Website,1
111,Search,1
112,SEO,1
113,Friendly,1
114,URLs-,1
115,P,1
116,26961,1
117,Family,1
118,Geometry,1
119,Grade,1
120,Ratings,1
121,26962,1
122,replace,1
123,OFTP1,1
124,Communication,1
125,Protocol,1
126,26963,1
127,Inovatools,1
128,Eckerle,1
129,26964,1
130,Invoice,1
131,Hatz,1
132,Diesel,1
133,26965,1
134,Testing,1
135,folder,1
136,approval,1
137,26966,1
138,26967,1
139,``,1
140,Commissioned,1
141,Agent,1
142,'',1
143,filter,1
144,Sales,1
145,Manag,1
146,26968,1
147,When,1
148,updating,1
149,Accounts,1
150,change,1
151,one,1
152,sales,1
153,org,1
154,26969,1
155,Charm,1
156,Number,1
157,Vcall,1
158,295212,1
159,26970,1
160,SQL,1
161,PaaS,1
162,CEC,1
163,Reporting,1
164,26971,1
165,Update,1
166,Pl,1
167,.,1
168,Dely,1
169,ZSD036,1
170,PDT,1
171,),1
172,26972,1
173,Customizing,1
174,Schongau,1
175,Time,1
176,Jürgen,1
177,S,1
178,26973,1
179,PASS,1
180,request,1
181,database,1
182,+,1
183,UI,1
184,changes,1
185,26974,1
186,Convert,1
187,ZAW1,1
188,Lean,1
189,warehouse,1
190,26975,1
191,Adoption,1
192,run,1
193,longer,1
194,period,1
195,26976,1
196,Concession,1
197,Process,1
198,Project,1
199,26977,1
200,Infrastructure,1
201,Rebate,1
202,process,1
203,CAT,1
204,Dealers,1
205,26978,1
206,MII,1
207,send,1
208,data,1
209,new,1
210,26979,1
211,ZSLAB,1
212,Customer,1
213,Specific,1
214,material,1
215,lab,1
216,26980,1
217,Please,1
218,ZTSU,1
219,function,1
220,Item,1
221,Categ,1
222,26981,1
223,Need,1
224,drop,1
225,menu,1
226,submiss,1
227,26982,1
228,Information,1
229,NFE,1
230,Inbound,1
231,26983,1
232,Archiving,1
233,files,1
234,automatic,1
235,machines,1
236,26984,1
237,PM,1
238,interface,1
239,IDG,1
240,System,1
241,26985,1
242,Enhance,1
243,Entry,1
244,support,1
245,MTO,1
246,Direct,1
247,Ship,1
248,Name,1
249,Short,1
250,description,1
251,Length,1
252,174899,1
253,dtype,1
254,object,1
